stack,backend,worlds,kind,episode,simulation_seconds,output_collection_seconds,history_transfer_seconds,validation_seconds,checked_seconds
blog2,cpu,1,warmup,0,0.03783082700101659,0.0,0.0,0.001516378004453145,0.03934720500546973
blog2,cpu,1,measured,0,0.037402725996798836,0.0,0.0,0.0010021950001828372,0.03840492099698167
blog2,cpu,1,measured,1,0.03741909000382293,0.0,0.0,0.0009344019927084446,0.038353491996531375
blog2,cpu,1,measured,2,0.03729369999200571,0.0,0.0,0.0009099650051211938,0.03820366499712691
blog2,cpu,1,measured,3,0.03740430799371097,0.0,0.0,0.000901772000361234,0.038306079994072206
blog2,cpu,1,measured,4,0.037382003996754065,0.0,0.0,0.0009069899970199913,0.038288993993774056
blog2,gpu,1,warmup,0,0.5326464389945613,0.0002457040100125596,0.00017305400979239494,0.0014659410080639645,0.5343580840126378
blog2,gpu,1,measured,0,0.5295908789994428,0.00015346398868132383,9.374300134368241e-05,0.0010613350023049861,0.5308056779904291
blog2,gpu,1,measured,1,0.5297154299914837,0.00014884599659126252,9.058800060302019e-05,0.0010061209904961288,0.5308703969785711
blog2,gpu,1,measured,2,0.5316085500089685,0.00015096900460775942,9.200999920722097e-05,0.0010103480017278343,0.532769867015304
blog2,gpu,1,measured,3,0.5245575799926883,0.0001731429947540164,0.00011145899770781398,0.0010380590101704001,0.5257687819976127
blog2,gpu,1,measured,4,0.5295206230075564,0.00016054399020504206,0.00010138399375136942,0.0010539740032982081,0.5307351410010597
blog2,cpu,16,warmup,0,0.03917672600073274,0.0,0.0,0.00479031000577379,0.04396703600650653
blog2,cpu,16,measured,0,0.03889813100977335,0.0,0.0,0.003315284993732348,0.0422134160035057
blog2,cpu,16,measured,1,0.039273713002330624,0.0,0.0,0.003227320994483307,0.04250103399681393
blog2,cpu,16,measured,2,0.039172068994957954,0.0,0.0,0.0032594399963272735,0.04243150899128523
blog2,cpu,16,measured,3,0.039577203991939314,0.0,0.0,0.003309195992187597,0.04288639998412691
blog2,cpu,16,measured,4,0.03910892200656235,0.0,0.0,0.0032788500102469698,0.04238777201680932
blog2,gpu,16,warmup,0,0.6848238980019232,0.0008549509948352352,0.0007857650052756071,0.0035566930018831044,0.6892355419986416
blog2,gpu,16,measured,0,0.6804291909938911,0.0002519529953133315,0.00020037499780301005,0.0026804890076164156,0.6833616329968208
blog2,gpu,16,measured,1,0.6749878799892031,0.0002605759946163744,0.0002111209905706346,0.0024308490101248026,0.6776793049939442
blog2,gpu,16,measured,2,0.6792124290077481,0.00026221899315714836,0.0002104010054608807,0.0025237299996661022,0.6819983780005714
blog2,gpu,16,measured,3,0.6779176090058172,0.00023099200916476548,0.00018289900617673993,0.002457398994010873,0.6806060000089929
blog2,gpu,16,measured,4,0.6785028090089327,0.00076490399078466,0.0007141870009945706,0.0028935630107298493,0.6821612760104472
blog2,cpu,32,warmup,0,0.04024303800542839,0.0,0.0,0.007501454005250707,0.047744492010679096
blog2,cpu,32,measured,0,0.039719591004541144,0.0,0.0,0.005925567005760968,0.04564515801030211
blog2,cpu,32,measured,1,0.039310419000685215,0.0,0.0,0.005819666010211222,0.04513008501089644
blog2,cpu,32,measured,2,0.0392442279990064,0.0,0.0,0.0058055339904967695,0.04504976198950317
blog2,cpu,32,measured,3,0.03972876501211431,0.0,0.0,0.005944926000665873,0.04567369101278018
blog2,cpu,32,measured,4,0.04737788499915041,0.0,0.0,0.008037660998525098,0.05541554599767551
blog2,gpu,32,warmup,0,0.7301959920005174,0.0014423639950109646,0.00137123599415645,0.0057176910049747676,0.7373560470005032
blog2,gpu,32,measured,0,0.7259382629999891,0.000366348001989536,0.00031066300289239734,0.004435769995325245,0.7307403809973039
blog2,gpu,32,measured,1,0.7261340699915309,0.00037270701432134956,0.00032453400490339845,0.004241173999616876,0.7307479510054691
blog2,gpu,32,measured,2,0.7265192959894193,0.0003234430041629821,0.0002759500057436526,0.004095901997061446,0.7309386409906438
blog2,gpu,32,measured,3,0.7245058420085115,0.000328219000948593,0.0002802160015562549,0.004157094997935928,0.7289911560073961
blog2,gpu,32,measured,4,0.7287710420059739,0.0003438830026425421,0.0002928650064859539,0.004227252007694915,0.7333421770163113
blog2,cpu,64,warmup,0,0.08505910400708672,0.0,0.0,0.015947066000080667,0.10100617000716738
blog2,cpu,64,measured,0,0.07888088299660012,0.0,0.0,0.012761299003614113,0.09164218200021423
blog2,cpu,64,measured,1,0.07895896199624985,0.0,0.0,0.013168978999601677,0.09212794099585153
blog2,cpu,64,measured,2,0.08682979899458587,0.0,0.0,0.016060590001870878,0.10289038899645675
blog2,cpu,64,measured,3,0.07879083599254955,0.0,0.0,0.012668256997130811,0.09145909298968036
blog2,cpu,64,measured,4,0.09251410899742041,0.0,0.0,0.012972550000995398,0.1054866589984158
blog2,gpu,64,warmup,0,0.7770768799964571,0.0031595780019415542,0.003077472996665165,0.012438366989954375,0.7926748249883531
blog2,gpu,64,measured,0,0.7734885800018674,0.0005901480035390705,0.0005235270073171705,0.008633216988528147,0.7827119449939346
blog2,gpu,64,measured,1,0.7728669940115651,0.0007257149991346523,0.0006671360024483874,0.008278256995254196,0.781870966005954
blog2,gpu,64,measured,2,0.7710957789968234,0.002998752999701537,0.002921865991083905,0.008077902006334625,0.7821724340028595
blog2,gpu,64,measured,3,0.7746002010098891,0.0006085659988457337,0.0005402219976531342,0.00802517200645525,0.7832339390151901
blog2,gpu,64,measured,4,0.7726968450006098,0.0005605229962384328,0.0005110479978611693,0.00787793799827341,0.7811353059951216
blog2,cpu,128,warmup,0,0.1584964750072686,0.0,0.0,0.03516105399467051,0.1936575290019391
blog2,cpu,128,measured,0,0.15744543500477448,0.0,0.0,0.03226991501287557,0.18971535001765005
blog2,cpu,128,measured,1,0.15762496899696998,0.0,0.0,0.03202669500024058,0.18965166399721056
blog2,cpu,128,measured,2,0.1567647399933776,0.0,0.0,0.03110619400104042,0.187870933994418
blog2,cpu,128,measured,3,0.16339409700594842,0.0,0.0,0.03108290900127031,0.19447700600721873
blog2,cpu,128,measured,4,0.1672309249988757,0.0,0.0,0.0327875429939013,0.200018467992777
blog2,gpu,128,warmup,0,0.832947969000088,0.00587898600497283,0.005793476011604071,0.023290009994525462,0.8621169649995863
blog2,gpu,128,measured,0,0.8281854819942964,0.0009246070112567395,0.0008678310114191845,0.017346095002721995,0.8464561840082752
blog2,gpu,128,measured,1,0.8261025529936887,0.0011342660000082105,0.0010772390087367967,0.017206442993483506,0.8444432619871804
blog2,gpu,128,measured,2,0.8267781500035198,0.0009383970027556643,0.0008678700105519965,0.016805102000944316,0.8445216490072198
blog2,gpu,128,measured,3,0.826927007001359,0.0009117980080191046,0.0008529780025128275,0.01691622199723497,0.8447550270066131
blog2,gpu,128,measured,4,0.8265966740000295,0.000918106990866363,0.0008610899967607111,0.016874246997758746,0.8443890279886546
blog2,cpu,256,warmup,0,0.31298799499927554,0.0,0.0,0.08103098500578199,0.39401898000505753
blog2,cpu,256,measured,0,0.3361697100044694,0.0,0.0,0.07802208700741176,0.41419179701188114
blog2,cpu,256,measured,1,0.3307468980056001,0.0,0.0,0.08155180799076334,0.4122987059963634
blog2,cpu,256,measured,2,0.3338521940022474,0.0,0.0,0.07810783700551838,0.4119600310077658
blog2,cpu,256,measured,3,0.3357314540044172,0.0,0.0,0.08188194999820553,0.4176134040026227
blog2,cpu,256,measured,4,0.3316740000009304,0.0,0.0,0.07834835200628731,0.4100223520072177
blog2,gpu,256,warmup,0,0.8913316620019032,0.009996612003305927,0.009924422003678046,0.03959198699158151,0.9409202609967906
blog2,gpu,256,measured,0,0.8872631510021165,0.010851893006474711,0.010790490006911568,0.03805193399603013,0.9361669780046213
blog2,gpu,256,measured,1,0.8856089740002062,0.010291059996234253,0.010222736003925093,0.03823505199397914,0.9341350859904196
blog2,gpu,256,measured,2,0.8854035109980032,0.010774765993119217,0.010710848000599071,0.03910778000135906,0.9352860569924815
blog2,gpu,256,measured,3,0.8860442760051228,0.010714433999964967,0.01064177400257904,0.03776178300904576,0.9345204930141335
blog2,gpu,256,measured,4,0.8865167150070192,0.010642765002558008,0.010578617002465762,0.03782589999900665,0.9349853800085839
blog2,cpu,512,warmup,0,0.6157429589948151,0.0,0.0,0.15543436499137897,0.7711773239861941
blog2,cpu,512,measured,0,0.6102799950022018,0.0,0.0,0.13822922299732454,0.7485092179995263
blog2,cpu,512,measured,1,0.5647304720041575,0.0,0.0,0.14986893600143958,0.7145994080055971
blog2,cpu,512,measured,2,0.6269639829988591,0.0,0.0,0.14531249200808816,0.7722764750069473
blog2,cpu,512,measured,3,0.5494019460020354,0.0,0.0,0.1359214419935597,0.6853233879955951
blog2,cpu,512,measured,4,0.5571127000002889,0.0,0.0,0.15252710098866373,0.7096398009889526
blog2,gpu,512,warmup,0,0.9527109729970107,0.0238473790086573,0.023739975003991276,0.12064892199123278,1.0972072739969008
blog2,gpu,512,measured,0,0.9490329260006547,0.021453957000630908,0.02136005400097929,0.10247854200133588,1.0729654250026215
blog2,gpu,512,measured,1,0.9455545429955237,0.021707102001528256,0.021631837007589638,0.10881278099259362,1.0760744259896455
blog2,gpu,512,measured,2,0.9472571530059213,0.02342949299782049,0.023329830990405753,0.11439041901030578,1.0850770650140475
blog2,gpu,512,measured,3,0.9471630300104152,0.020406032010214403,0.020330726998508908,0.102857067991863,1.0704261300124926
blog2,gpu,512,measured,4,0.947020784005872,0.023517006004112773,0.023440689998096786,0.11422144100652076,1.0847592310165055
blog2,cpu,1024,warmup,0,1.2621871229930548,0.0,0.0,0.2879740009957459,1.5501611239888007
blog2,cpu,1024,measured,0,1.1333827920025215,0.0,0.0,0.26447943900711834,1.3978622310096398
blog2,cpu,1024,measured,1,1.1106286569993244,0.0,0.0,0.26379006999195553,1.37441872699128
blog2,cpu,1024,measured,2,1.1076319260027958,0.0,0.0,0.2643054439977277,1.3719373700005235
blog2,cpu,1024,measured,3,1.1139443319989368,0.0,0.0,0.2630909959989367,1.3770353279978735
blog2,cpu,1024,measured,4,1.1128863630001433,0.0,0.0,0.27223436000349466,1.385120723003638
blog2,gpu,1024,warmup,0,1.0625057380093494,0.04047329899913166,0.04039305700280238,0.21483774999796879,1.3178167870064499
blog2,gpu,1024,measured,0,1.0563113819953287,0.04223059199284762,0.04216099699260667,0.21378141098830383,1.3123233849764802
blog2,gpu,1024,measured,1,1.0565719779988285,0.04258780600503087,0.04251348300022073,0.21451673099363688,1.3136765149974963
blog2,gpu,1024,measured,2,1.0573222299863119,0.04154625099909026,0.0414843269973062,0.21225919500284363,1.3111276759882458
blog2,gpu,1024,measured,3,1.0567605959950015,0.041610077998484485,0.04154351699980907,0.21276204999594484,1.3111327239894308
blog2,gpu,1024,measured,4,1.0569639549939893,0.04073351400438696,0.04066901600162964,0.21631469600833952,1.3140121650067158
blog2,cpu,2048,warmup,0,2.2848058859963203,0.0,0.0,0.5361062840092927,2.820912170005613
blog2,cpu,2048,measured,0,2.223114378997707,0.0,0.0,0.5421269360085716,2.7652413150062785
blog2,cpu,2048,measured,1,2.2760064550093375,0.0,0.0,0.5513400150084635,2.827346470017801
blog2,cpu,2048,measured,2,2.208301617996767,0.0,0.0,0.5787406419985928,2.78704225999536
blog2,cpu,2048,measured,3,2.2044695590011543,0.0,0.0,0.5386678719951306,2.743137430996285
blog2,cpu,2048,measured,4,2.200898433002294,0.0,0.0,0.5312555330019677,2.7321539660042617
blog2,gpu,2048,warmup,0,1.3205674609926064,0.08373220599605702,0.08363519799604546,0.43010207801125944,1.8344017449999228
blog2,gpu,2048,measured,0,1.307148842010065,0.08526131299731787,0.08518919299240224,0.44343608799681533,1.8358462430041982
blog2,gpu,2048,measured,1,1.3078774110035738,0.085039104000316,0.08496549200208392,0.47802608300116844,1.8709425980050582
blog2,gpu,2048,measured,2,1.3083052920119371,0.09632280499499757,0.09624786100175697,0.4763283000065712,1.880956397013506
blog2,gpu,2048,measured,3,1.3067681429965887,0.08220928801165428,0.08213134900142904,0.423645682996721,1.812623114004964
blog2,gpu,2048,measured,4,1.3065167400054634,0.08309123999788426,0.08301947099971585,0.4251303619967075,1.8147383420000551
blog3,cpu,1,warmup,0,0.031557941998471506,0.0,0.0,0.0014591610088245943,0.0330171030072961
blog3,cpu,1,measured,0,0.03126219200203195,0.0,0.0,0.0010158560035051778,0.03227804800553713
blog3,cpu,1,measured,1,0.03146135499991942,0.0,0.0,0.0012437330005923286,0.03270508800051175
blog3,cpu,1,measured,2,0.031355454004369676,0.0,0.0,0.0009006909967865795,0.032256145001156256
blog3,cpu,1,measured,3,0.03120602598937694,0.0,0.0,0.0008917570085031912,0.03209778299788013
blog3,cpu,1,measured,4,0.03127187599602621,0.0,0.0,0.0008953929936978966,0.03216726898972411
blog3,gpu,1,warmup,0,0.507545582993771,0.0002509019977878779,0.00016973800666164607,0.0012247730046510696,0.5090212579962099
blog3,gpu,1,measured,0,0.5008227729995269,0.0001416750019416213,7.419299799948931e-05,0.0008628119976492599,0.5018272599991178
blog3,gpu,1,measured,1,0.5014402630040422,0.00013677800598088652,7.194900535978377e-05,0.0008134780073305592,0.5023905190173537
blog3,gpu,1,measured,2,0.5035494530020515,0.0001448700058972463,7.459300104528666e-05,0.0008041330002015457,0.5044984560081502
blog3,gpu,1,measured,3,0.49749958599568345,0.00012411900388542563,6.330700125545263e-05,0.0007469970005331561,0.49837070200010203
blog3,gpu,1,measured,4,0.4991282150003826,0.0001319110015174374,7.281100261025131e-05,0.0007331060041906312,0.4999932320060907
blog3,cpu,16,warmup,0,0.03226695099147037,0.0,0.0,0.00518642200040631,0.03745337299187668
blog3,cpu,16,measured,0,0.031780029996298254,0.0,0.0,0.0031861890020081773,0.03496621899830643
blog3,cpu,16,measured,1,0.032264106994261965,0.0,0.0,0.003209413989679888,0.03547352098394185
blog3,cpu,16,measured,2,0.03218018800544087,0.0,0.0,0.003148521005641669,0.03532870901108254
blog3,cpu,16,measured,3,0.03223002499726135,0.0,0.0,0.003119115994195454,0.03534914099145681
blog3,cpu,16,measured,4,0.03287553699919954,0.0,0.0,0.003500196005916223,0.03637573300511576
blog3,gpu,16,warmup,0,0.6520371759979753,0.000868030998390168,0.0007748689968138933,0.003415877989027649,0.6563210849853931
blog3,gpu,16,measured,0,0.6468847770011052,0.00026317099400330335,0.00019298399274703115,0.00271313899429515,0.6498610869894037
blog3,gpu,16,measured,1,0.6436266680102563,0.0002992149966303259,0.00023067100846674293,0.0024632489948999137,0.6463891320017865
blog3,gpu,16,measured,2,0.6449041419982677,0.00024464199668727815,0.0001828579988796264,0.002433633999316953,0.647582417994272
blog3,gpu,16,measured,3,0.6474169159919256,0.00023273400438483804,0.00017372499860357493,0.0023693960101809353,0.6500190460064914
blog3,gpu,16,measured,4,0.6471714320068713,0.0007823500054655597,0.0007144470000639558,0.0028730619960697368,0.6508268440084066
blog3,cpu,32,warmup,0,0.03308894101064652,0.0,0.0,0.007318515999941155,0.04040745701058768
blog3,cpu,32,measured,0,0.03238805499859154,0.0,0.0,0.005750990996602923,0.038139045995194465
blog3,cpu,32,measured,1,0.032551533993682824,0.0,0.0,0.005784121996839531,0.038335655990522355
blog3,cpu,32,measured,2,0.032269905001157895,0.0,0.0,0.005711100006010383,0.03798100500716828
blog3,cpu,32,measured,3,0.03220763000717852,0.0,0.0,0.007596220006234944,0.039803850013413467
blog3,cpu,32,measured,4,0.03297837299760431,0.0,0.0,0.007356955000432208,0.04033532799803652
blog3,gpu,32,warmup,0,0.6861401609930908,0.001832629001000896,0.0017301530024269596,0.006831495004007593,0.6948042849980993
blog3,gpu,32,measured,0,0.6822940190031659,0.00045109599886927754,0.0003539589961292222,0.0057651529932627454,0.6885102679952979
blog3,gpu,32,measured,1,0.6797235770063708,0.00043175699829589576,0.00035579100949689746,0.004491403989959508,0.6846467379946262
blog3,gpu,32,measured,2,0.679862769000465,0.0016966619878076017,0.0016156789934029803,0.004230588005157188,0.6857900189934298
blog3,gpu,32,measured,3,0.6811031969991745,0.0003811899950960651,0.0003075679996982217,0.004208604004816152,0.6856929909990868
blog3,gpu,32,measured,4,0.6817511520057451,0.00038627799949608743,0.000313347001792863,0.004212750995066017,0.6863501810003072
blog3,cpu,64,warmup,0,0.06860675899952184,0.0,0.0,0.015042350001749583,0.08364910900127143
blog3,cpu,64,measured,0,0.06802649599558208,0.0,0.0,0.015307021996704862,0.08333351799228694
blog3,cpu,64,measured,1,0.0640268490096787,0.0,0.0,0.012964918001671322,0.07699176701135002
blog3,cpu,64,measured,2,0.06503766799869481,0.0,0.0,0.012619442990398966,0.07765711098909378
blog3,cpu,64,measured,3,0.06586688999959733,0.0,0.0,0.012539832008769736,0.07840672200836707
blog3,cpu,64,measured,4,0.06430432198976632,0.0,0.0,0.012718363999738358,0.07702268598950468
blog3,gpu,64,warmup,0,0.7182848660013406,0.0027089619979960844,0.0026140870031667873,0.009894186005112715,0.7308880140044494
blog3,gpu,64,measured,0,0.7138668229890754,0.0005683550116373226,0.0004957140045007691,0.008333941994351335,0.7227691199950641
blog3,gpu,64,measured,1,0.7164648469915846,0.000693314999807626,0.000615486002061516,0.00810047599952668,0.7252586379909189
blog3,gpu,64,measured,2,0.7166114889987512,0.0005973890074528754,0.0005173070094315335,0.008416266995482147,0.7256251450016862
blog3,gpu,64,measured,3,0.7143300180032384,0.0005699879984604195,0.0004979880031896755,0.00811251500272192,0.7230125210044207
blog3,gpu,64,measured,4,0.7136304239975289,0.0005614740075543523,0.000493630999699235,0.007990008001797833,0.722181906006881
blog3,cpu,128,warmup,0,0.13907071499852464,0.0,0.0,0.03436920000240207,0.1734399150009267
blog3,cpu,128,measured,0,0.12858773200423457,0.0,0.0,0.03198165699723177,0.16056938900146633
blog3,cpu,128,measured,1,0.12737082999956328,0.0,0.0,0.03243141100392677,0.15980224100349005
blog3,cpu,128,measured,2,0.1475936740025645,0.0,0.0,0.031964870999217965,0.17955854500178248
blog3,cpu,128,measured,3,0.12795898600597866,0.0,0.0,0.030478289001621306,0.15843727500759996
blog3,cpu,128,measured,4,0.13392865000059828,0.0,0.0,0.03131312000914477,0.16524177000974305
blog3,gpu,128,warmup,0,0.7633451740111923,0.005172019999008626,0.005076064000604674,0.019113164002192207,0.7876303580123931
blog3,gpu,128,measured,0,0.7593187669990584,0.0009320789977209643,0.000858726998558268,0.017314768003416248,0.7775656140001956
blog3,gpu,128,measured,1,0.7587074670009315,0.0011224979971302673,0.0010519810020923615,0.016739272003178485,0.7765692370012403
blog3,gpu,128,measured,2,0.7612647079949966,0.0009411420032847673,0.0008656270074425265,0.016620281006908044,0.7788261310051894
blog3,gpu,128,measured,3,0.7587820100015961,0.0009475309925619513,0.0008705840009497479,0.016720833998988383,0.7764503749931464
blog3,gpu,128,measured,4,0.7595505700010108,0.0009395890083396807,0.0008627430070191622,0.0166362960007973,0.7771264550101478
blog3,cpu,256,warmup,0,0.254194698005449,0.0,0.0,0.07874887199432123,0.33294356999977026
blog3,cpu,256,measured,0,0.2402818779955851,0.0,0.0,0.07014880600036122,0.3104306839959463
blog3,cpu,256,measured,1,0.23356442600197624,0.0,0.0,0.07990134600549936,0.3134657720074756
blog3,cpu,256,measured,2,0.26214146200800315,0.0,0.0,0.07267039199359715,0.3348118540016003
blog3,cpu,256,measured,3,0.22718669100140687,0.0,0.0,0.06888854700082447,0.29607523800223134
blog3,cpu,256,measured,4,0.22286740801064298,0.0,0.0,0.06943765399046242,0.2923050620011054
blog3,gpu,256,warmup,0,0.8166431980062043,0.009596713993232697,0.009503841996775009,0.039254112998605706,0.8654940249980427
blog3,gpu,256,measured,0,0.8102899499936029,0.01093355700140819,0.010843560012290254,0.0382229440001538,0.8594464509951649
blog3,gpu,256,measured,1,0.8117000970087247,0.0102199419925455,0.010134501993888989,0.03949672200542409,0.8614167610066943
blog3,gpu,256,measured,2,0.8118138800055021,0.011851734991068952,0.011745032999897376,0.045287343993550166,0.8689529589901213
blog3,gpu,256,measured,3,0.8139284369972302,0.012131080002291128,0.012025770003674552,0.045041599005344324,0.8711011160048656
blog3,gpu,256,measured,4,0.809892014003708,0.010416420991532505,0.01033614799962379,0.03777372000331525,0.8580821549985558
blog3,cpu,512,warmup,0,0.5085250640113372,0.0,0.0,0.15544856600172352,0.6639736300130608
blog3,cpu,512,measured,0,0.5334534680005163,0.0,0.0,0.14654211299784947,0.6799955809983658
blog3,cpu,512,measured,1,0.5311838240013458,0.0,0.0,0.14248577099351678,0.6736695949948626
blog3,cpu,512,measured,2,0.4526479960040888,0.0,0.0,0.14549048300250433,0.5981384790065931
blog3,cpu,512,measured,3,0.5264084770024056,0.0,0.0,0.14860066601249855,0.6750091430149041
blog3,cpu,512,measured,4,0.47104566100460943,0.0,0.0,0.13468380899576005,0.6057294700003695
blog3,gpu,512,warmup,0,0.8656990270101232,0.020382586008054204,0.020283574995119125,0.10822843200003263,0.9943100450182101
blog3,gpu,512,measured,0,0.8598673630040139,0.021063211010186933,0.020966463998774998,0.10002477800298948,0.9809553520171903
blog3,gpu,512,measured,1,0.8580499169911491,0.024069025996141136,0.023964918000274338,0.11755456299579237,0.9996735059830826
blog3,gpu,512,measured,2,0.8595585629955167,0.02367186199990101,0.02356213500024751,0.11457452799368184,0.9978049529890995
blog3,gpu,512,measured,3,0.8603407229966251,0.023429041990311816,0.023329791001742706,0.1154600349982502,0.9992297999851871
blog3,gpu,512,measured,4,0.8594836379925255,0.02043688899721019,0.02034844399895519,0.10296044500137214,0.9828809719911078
blog3,cpu,1024,warmup,0,1.0383204050012864,0.0,0.0,0.3012623410031665,1.339582746004453
blog3,cpu,1024,measured,0,1.041463246991043,0.0,0.0,0.2634413900086656,1.3049046369997086
blog3,cpu,1024,measured,1,0.9240056120033842,0.0,0.0,0.28698835099930875,1.210993963002693
blog3,cpu,1024,measured,2,0.9402805370045826,0.0,0.0,0.2631397899967851,1.2034203270013677
blog3,cpu,1024,measured,3,0.9333087080012774,0.0,0.0,0.2883243440010119,1.2216330520022893
blog3,cpu,1024,measured,4,0.9317627260024892,0.0,0.0,0.2813846439967165,1.2131473699992057
blog3,gpu,1024,warmup,0,0.9474061600049026,0.04079204400477465,0.04068470999482088,0.21505941699433606,1.2032576210040133
blog3,gpu,1024,measured,0,0.9393956909916596,0.04744407598627731,0.04733727399434429,0.241905859002145,1.228745625980082
blog3,gpu,1024,measured,1,0.9405278540070867,0.04602743999566883,0.04593195399502292,0.22509418700064998,1.2116494810034055
blog3,gpu,1024,measured,2,0.9389764529914828,0.04028661400661804,0.0401946339989081,0.2173969129944453,1.1966599799925461
blog3,gpu,1024,measured,3,0.938092948999838,0.04175031199702062,0.0416546170017682,0.2187215890007792,1.1985648499976378
blog3,gpu,1024,measured,4,0.9391663720016368,0.04079328599618748,0.04070882700034417,0.2181275250040926,1.1980871830019169
blog3,cpu,2048,warmup,0,1.9928357039898401,0.0,0.0,0.5501692940015346,2.5430049979913747
blog3,cpu,2048,measured,0,1.832028643009835,0.0,0.0,0.5321763339889003,2.364204976998735
blog3,cpu,2048,measured,1,1.8306512270064559,0.0,0.0,0.5730327649944229,2.403683992000879
blog3,cpu,2048,measured,2,1.8308716829924379,0.0,0.0,0.5322308169997996,2.3631024999922374
blog3,cpu,2048,measured,3,1.8313987550063757,0.0,0.0,0.5451868230011314,2.376585578007507
blog3,cpu,2048,measured,4,1.8284537130093668,0.0,0.0,0.5365365489997203,2.364990262009087
blog3,gpu,2048,warmup,0,1.1578451870009303,0.08581782900728285,0.0856866899994202,0.43375581699365284,1.677418833001866
blog3,gpu,2048,measured,0,1.1443503909977153,0.08274947000609245,0.08264367900846992,0.42789302600431256,1.6549928870081203
blog3,gpu,2048,measured,1,1.1442480460100342,0.08247942899470218,0.08235896599944681,0.43118471499474254,1.6579121899994789
blog3,gpu,2048,measured,2,1.1431609709979966,0.08246944399434142,0.08236753899836913,0.42701796400069725,1.6526483789930353
blog3,gpu,2048,measured,3,1.146862132998649,0.09586309498990886,0.09572213998762891,0.4783209720044397,1.7210461999929976
blog3,gpu,2048,measured,4,1.1443406860053074,0.09424134800792672,0.09410898599890061,0.42884741799207404,1.6674294520053081
