stack,worlds,cpu_threads,gpu_device,cpu_simulation_median_seconds,cpu_simulation_min_seconds,cpu_simulation_max_seconds,cpu_checked_median_seconds,cpu_checked_min_seconds,cpu_checked_max_seconds,cpu_world_steps_per_second,gpu_simulation_median_seconds,gpu_simulation_min_seconds,gpu_simulation_max_seconds,gpu_checked_median_seconds,gpu_checked_min_seconds,gpu_checked_max_seconds,gpu_world_steps_per_second,simulation_speedup_cpu_over_gpu,checked_speedup_cpu_over_gpu
blog2,1,1,cuda:1,0.037402725996798836,0.03729369999200571,0.03741909000382293,0.038306079994072206,0.03820366499712691,0.03840492099698167,26762.75520895648,0.5295908789994428,0.5245575799926883,0.5316085500089685,0.5308056779904291,0.5257687819976127,0.532769867015304,1890.1382929615243,0.07062569896872825,0.07216591981286775
blog2,16,16,cuda:1,0.039172068994957954,0.03889813100977335,0.039577203991939314,0.04243150899128523,0.0422134160035057,0.04288639998412691,408862.7537662487,0.6785028090089327,0.6749878799892031,0.6804291909938911,0.6819983780005714,0.6776793049939442,0.6833616329968208,23604.91332879529,0.05773309774822501,0.06221643681277154
blog2,32,32,cuda:1,0.039719591004541144,0.0392442279990064,0.04737788499915041,0.04564515801030211,0.04504976198950317,0.05541554599767551,806453.4198334968,0.7261340699915309,0.7245058420085115,0.7287710420059739,0.7307479510054691,0.7289911560073961,0.7333421770163113,44113.06578738772,0.054700079015717315,0.0624636140922419
blog2,64,32,cuda:1,0.07895896199624985,0.07879083599254955,0.09251410899742041,0.09212794099585153,0.09145909298968036,0.1054866589984158,811358.1837998669,0.7728669940115651,0.7710957789968234,0.7746002010098891,0.7821724340028595,0.7811353059951216,0.7832339390151901,82891.36487440858,0.10216371330131911,0.11778469425773029
blog2,128,32,cuda:1,0.15762496899696998,0.1567647399933776,0.1672309249988757,0.18971535001765005,0.187870933994418,0.200018467992777,812866.1392628917,0.8267781500035198,0.8261025529936887,0.8281854819942964,0.8445216490072198,0.8443890279886546,0.8464561840082752,154972.64894996866,0.1906496549241159,0.22464237623827707
blog2,256,32,cuda:1,0.3338521940022474,0.3307468980056001,0.3361697100044694,0.4122987059963634,0.4100223520072177,0.4176134040026227,767573.209353463,0.8860442760051228,0.8854035109980032,0.8872631510021165,0.9349853800085839,0.9341350859904196,0.9361669780046213,289213.5381263029,0.37678951610350137,0.4409680780169827
blog2,512,32,cuda:1,0.5647304720041575,0.5494019460020354,0.6269639829988591,0.7145994080055971,0.6853233879955951,0.7722764750069473,907533.8155229331,0.9471630300104152,0.9455545429955237,0.9490329260006547,1.0760744259896455,1.0704261300124926,1.0850770650140475,541102.2007418979,0.5962336515583253,0.6640799100381866
blog2,1024,32,cuda:1,1.1128863630001433,1.1076319260027958,1.1333827920025215,1.3770353279978735,1.3719373700005235,1.3978622310096398,921050.0138007962,1.0567605959950015,1.0563113819953287,1.0573222299863119,1.3123233849764802,1.3111276759882458,1.3140121650067158,969968.0361708419,1.05311114666638,1.049310973013373
blog2,2048,32,cuda:1,2.208301617996767,2.200898433002294,2.2760064550093375,2.7652413150062785,2.7321539660042617,2.827346470017801,928336.9551029333,1.307148842010065,1.3065167400054634,1.3083052920119371,1.8358462430041982,1.812623114004964,1.880956397013506,1568335.5514797715,1.6894033387972534,1.506248862367258
blog3,1,1,cuda:1,0.03127187599602621,0.03120602598937694,0.03146135499991942,0.032256145001156256,0.03209778299788013,0.03270508800051175,32009.592265177802,0.5008227729995269,0.49749958599568345,0.5035494530020515,0.5018272599991178,0.49837070200010203,0.5044984560081502,1998.7110290628607,0.06244100245029343,0.06427738700606452
blog3,16,16,cuda:1,0.03223002499726135,0.031780029996298254,0.03287553699919954,0.03534914099145681,0.03496621899830643,0.03637573300511576,496927.9422327755,0.6468847770011052,0.6436266680102563,0.6474169159919256,0.6498610869894037,0.6463891320017865,0.6508268440084066,24758.659608977992,0.04982344019081204,0.054394918697498795
blog3,32,32,cuda:1,0.03238805499859154,0.03220763000717852,0.03297837299760431,0.038335655990522355,0.03798100500716828,0.04033532799803652,989006.5952213856,0.6811031969991745,0.6797235770063708,0.6822940190031659,0.6857900189934298,0.6846467379946262,0.6885102679952979,47029.58397659499,0.047552346166172516,0.05589999114712929
blog3,64,32,cuda:1,0.06503766799869481,0.0640268490096787,0.06802649599558208,0.07765711098909378,0.07699176701135002,0.08333351799228694,985029.1680397526,0.7143300180032384,0.7136304239975289,0.7166114889987512,0.7230125210044207,0.722181906006881,0.7256251450016862,89684.03732924124,0.09104708798391833,0.10740769866780628
blog3,128,32,cuda:1,0.12858773200423457,0.12737082999956328,0.1475936740025645,0.16056938900146633,0.15843727500759996,0.17955854500178248,996424.7599901721,0.7593187669990584,0.7587074670009315,0.7612647079949966,0.7771264550101478,0.7764503749931464,0.7788261310051894,168740.72598835014,0.16934617922382264,0.2066193834559005
blog3,256,32,cuda:1,0.23356442600197624,0.22286740801064298,0.26214146200800315,0.3104306839959463,0.2923050620011054,0.3348118540016003,1097153.3824154872,0.8117000970087247,0.809892014003708,0.8139284369972302,0.8614167610066943,0.8580821549985558,0.8711011160048656,315702.8081484208,0.28774719488479467,0.3603722356564802
blog3,512,32,cuda:1,0.5264084770024056,0.4526479960040888,0.5334534680005163,0.6736695949948626,0.5981384790065931,0.6799955809983658,973601.3426654183,0.8595585629955167,0.8580499169911491,0.8603407229966251,0.9978049529890995,0.9809553520171903,0.9996735059830826,596250.2406048082,0.6124172332922838,0.6751515844622411
blog3,1024,32,cuda:1,0.9333087080012774,0.9240056120033842,1.041463246991043,1.2131473699992057,1.2034203270013677,1.3049046369997086,1098268.9770409781,0.9391663720016368,0.938092948999838,0.9405278540070867,1.1985648499976378,1.1966599799925461,1.228745625980082,1091418.975974806,0.9937629112636615,1.0121666508087541
blog3,2048,32,cuda:1,1.8308716829924379,1.8284537130093668,1.832028643009835,2.364990262009087,2.3631024999922374,2.403683992000879,1119711.4571400946,1.1443406860053074,1.1431609709979966,1.146862132998649,1.6579121899994789,1.6526483789930353,1.7210461999929976,1791466.4968842084,1.5999358454899386,1.4264870457402394
