case_id,scope,task,backend,worlds,cpu_threads,status,repetitions,median_seconds,min_seconds,max_seconds,successful_tasks_per_second,world_steps_per_second,aggregate_real_time_factor,median_with_transfer_and_validation_seconds
replay-box-mjwarp-w256-t1,replay,box,mjwarp,256,1,failed,0,,,,,,,
replay-box-mjwarp-w128-t1,replay,box,mjwarp,128,1,failed,2,,,,,,,
replay-box-mujoco-w1-t1,replay,box,mujoco,1,1,passed,5,1.0518476520010154,1.0493091600001208,1.1834785979990556,0.9507080213542509,38028.32085417004,38.02832085417003,1.1391657229978591
replay-box-mujoco-w2048-t32,replay,box,mujoco,2048,32,passed,5,79.12992503500209,79.02878739000153,79.39441153100051,25.88148540636294,1035259.4162545176,1035.2594162545176,85.56427059099951
replay-box-mujoco-w16-t16,replay,box,mujoco,16,16,passed,5,1.3047107649981626,1.287976825999067,1.3539576859984663,12.263254377319813,490530.17509279255,490.53017509279255,1.4062971119965368
replay-box-mjwarp-w1024-t1,replay,box,mjwarp,1024,1,failed,0,,,,,,,
replay-box-mujoco-w256-t32,replay,box,mujoco,256,32,passed,5,10.31897670699982,10.268464790999133,10.35210862200256,24.808661485430417,992346.4594172166,992.3464594172166,11.153316564999841
replay-box-mjwarp-w16-t1,replay,box,mjwarp,16,1,passed,5,21.047483509999438,20.98408680099965,21.184982574002788,0.760185890745493,30407.435629819724,30.407435629819723,21.14798691699616
replay-box-mjwarp-w32-t1,replay,box,mjwarp,32,1,passed,5,22.512986207999347,22.43648499399933,22.569188063000183,1.4214018391140715,56856.07356456286,56.85607356456286,22.643421677999868
replay-box-mjwarp-w2048-t1,replay,box,mjwarp,2048,1,failed,0,,,,,,,
replay-box-mujoco-w1024-t32,replay,box,mujoco,1024,32,passed,5,39.80462035600067,39.690707691999705,39.84955756600175,25.725656741394566,1029026.2696557826,1029.0262696557827,43.04323056100111
replay-box-mujoco-w64-t32,replay,box,mujoco,64,32,passed,5,2.5379351360024884,2.5296921670014854,2.5569766420012456,25.217350550891798,1008694.0220356719,1008.6940220356719,2.7478834009998536
replay-box-mjwarp-w64-t1,replay,box,mjwarp,64,1,passed,5,23.727144460997806,23.661114194997936,23.77002936700228,2.6973325890606805,107893.30356242723,107.89330356242722,23.963165306995506
replay-box-mujoco-w128-t32,replay,box,mujoco,128,32,passed,5,5.068306798002595,5.010273085998051,5.088740750998113,25.254982600983116,1010199.3040393248,1010.1993040393247,5.487102731996856
replay-box-mujoco-w32-t32,replay,box,mujoco,32,32,passed,5,1.2857334630025434,1.2786451089996262,1.3118053739999596,24.88851766000641,995540.7064002564,995.5407064002563,1.4232654259976698
replay-box-mjwarp-w1-t1,replay,box,mjwarp,1,1,passed,5,18.64170410999941,18.503843776001304,18.772332982996886,0.05364316449286415,2145.726579714566,2.145726579714566,18.72604512899852
replay-box-mjwarp-w512-t1,replay,box,mjwarp,512,1,passed,5,30.145526012998744,30.092017019000195,30.174047622000217,16.984278190376433,679371.1276150573,679.3711276150574,31.806458315000782
replay-box-mujoco-w512-t32,replay,box,mujoco,512,32,passed,5,20.20560900399869,20.107543505997455,20.341766102999827,25.339498547095275,1013579.941883811,1013.5799418838111,21.82213835500079
