case_id,scope,backend,worlds,cpu_threads,status,repetitions,median_seconds,min_seconds,max_seconds,successful_tasks_per_second,world_steps_per_second,aggregate_real_time_factor,median_with_transfer_and_validation_seconds
replay-mujoco-w256-t1,replay,mujoco,256,1,passed,5,49.02428215500004,48.119392681000136,49.641865772000074,5.221902060505546,31331.41236303328,62.66282472606656,49.133592380999744
replay-mujoco-w256-t32,replay,mujoco,256,32,passed,5,1.5785383489997002,1.5696215809998648,1.5880224630000157,162.1753441481,973052.0648886001,1946.1041297772001,1.691494340999725
replay-mjwarp-w1-t1,replay,mjwarp,1,1,passed,5,2.3671282290006275,2.3618631749995984,2.3803537849998975,0.42245282184066035,2534.716931043962,5.069433862087925,2.3681852290010283
replay-mujoco-w16-t1,replay,mujoco,16,1,passed,5,3.406946563999554,3.197491068999625,3.491220434999377,4.69628733513711,28177.72401082266,56.35544802164532,3.4156877649993476
replay-mujoco-w64-t1,replay,mujoco,64,1,passed,5,12.31544619000033,12.093327478999527,13.030707306000295,5.196726047324663,31180.356283947982,62.36071256789596,12.34291449200009
replay-mujoco-w16-t16,replay,mujoco,16,16,passed,5,0.22501772899977368,0.21844889299973147,0.22891053799958172,71.10550831315204,426633.0498789122,853.2660997578245,0.23366551300023275
replay-mjwarp-w64-t1,replay,mjwarp,64,1,passed,5,3.0427820599998086,3.036522454000078,3.0545562460001747,21.033382850957135,126200.29710574282,252.40059421148564,3.0887250739988303
replay-mjwarp-w16-t1,replay,mjwarp,16,1,passed,5,2.8057683280003403,2.7848000270005286,2.8270205210001222,5.702537818367611,34215.22691020567,68.43045382041133,2.818288088999907
replay-mujoco-w1-t1,replay,mujoco,1,1,passed,5,0.21954980999998952,0.18197109599987016,0.2253930209999453,4.554775064483307,27328.65038689984,54.65730077379968,0.22038592399985646
replay-mjwarp-w256-t1,replay,mjwarp,256,1,passed,5,3.417462780000278,3.4036405150000064,3.4228260099998806,74.90937472623452,449456.2483574071,898.9124967148142,3.5832137679999505
replay-mujoco-w64-t32,replay,mujoco,64,32,passed,5,0.43203737099975115,0.40205769400017743,0.4572783799994795,148.13533341317566,888812.0004790539,1777.6240009581077,0.46276032099922304
